{"house_age": 42.785676392572945, "dist_to_subway": 929.789124668435, "rooms": 1.6147214854111407, "footage": 44.32527188328913, "floor": 5.767241379310345, "max_floor": 11.259549071618038, "is_first_floor": 0.12480106100795756, "is_last_floor": 0.10689655172413794, "distance_to_center": 12.549187615587936, "area": "UVAO", "material": "panel", "subway_type": "0"}